Altium Designer Pick and Place Locations
C:\Users\gjukwidh1\Documents\H Drive (local)\Vanity Projects\Radxa to Cm5\X1\Project Outputs for CM5_Adapter.X1\Pick Place for CM5_Adapter.csv

========================================================================================================================
File Design Information:

Date:       16/01/25
Time:       14:31
Revision:   Not in VersionControl
Variant:    No variations
Units used: mil

"Designator","Layer","Center-X(mil)","Center-Y(mil)","Rotation"
"R4","TopLayer","918.500","1680.000","180"
"R3","TopLayer","2658.500","110.000","180"
"R2","TopLayer","2548.500","110.000","180"
"R1","TopLayer","2438.500","110.000","0"
"LED1","TopLayer","918.500","1620.000","0"
"J7","TopLayer","620.787","1600.000","180"
"M.1","TopLayer","619.685","1769.495","180"
"J6","TopLayer","619.685","281.378","180"
"rxPI1","TopLayer","2148.524","980.000","90"
"rPI1","TopLayer","2180.000","980.000","90"
"J5","TopLayer","2081.378","307.530","0"
"J4","TopLayer","2081.378","1649.183","0"
"J3","TopLayer","1234.764","981.782","90"
"J2","BottomLayer","2081.378","307.530","180"
"J1","BottomLayer","2081.378","1649.183","180"
